uuid,dates,poke_id,haiku,sprites
1_2024-01-01,2024-01-01,40,"In the cave's dark,
I found a Zubat.
Its eyes
Are shut",https://raw.githubusercontent.com/PokeAPI/sprites/master/sprites/pokemon/versions/generation-v/black-white/animated/41.gif
2_2024-01-02,2024-01-02,27,"Curls up into a spiny ball,
A Pokemon called Sandslash.
It can roll while curled up,
",https://raw.githubusercontent.com/PokeAPI/sprites/master/sprites/pokemon/versions/generation-v/black-white/animated/28.gif
3_2024-01-03,2024-01-03,122,"Scyther, with its wickedly sharp scythes
Scratches and tears its prey.
From a grassland",https://raw.githubusercontent.com/PokeAPI/sprites/master/sprites/pokemon/versions/generation-v/black-white/animated/123.gif
4_2024-01-04,2024-01-04,9,"aterpie, caterpie,
Caterpie, the caterpillar, the
Caterpie, the caterpillar,",https://raw.githubusercontent.com/PokeAPI/sprites/master/sprites/pokemon/versions/generation-v/black-white/animated/10.gif
5_2024-01-05,2024-01-05,27,"Curls up into a spiny ball,
A Pokemon called Sandslash.
It can roll while curled up,
",https://raw.githubusercontent.com/PokeAPI/sprites/master/sprites/pokemon/versions/generation-v/black-white/animated/28.gif
6_2024-01-06,2024-01-06,104,"The marowak

Is the smallest Pokemon

And also the weakest.

It is small and

",https://raw.githubusercontent.com/PokeAPI/sprites/master/sprites/pokemon/versions/generation-v/black-white/animated/105.gif
7_2024-01-07,2024-01-07,37,"A vengeful Pokemon,
Its many tails,
A curse that lasts a thousand years.",https://raw.githubusercontent.com/PokeAPI/sprites/master/sprites/pokemon/versions/generation-v/black-white/animated/38.gif
8_2024-01-08,2024-01-08,104,"The marowak

Is the smallest Pokemon

And also the weakest.

It is small and

",https://raw.githubusercontent.com/PokeAPI/sprites/master/sprites/pokemon/versions/generation-v/black-white/animated/105.gif
9_2024-01-09,2024-01-09,88,"A muk, muk, muk
Thickly covered in a vile
Sludge.
",https://raw.githubusercontent.com/PokeAPI/sprites/master/sprites/pokemon/versions/generation-v/black-white/animated/89.gif
10_2024-01-10,2024-01-10,120,"A starmie glows like a star
A central core bright
A gem.",https://raw.githubusercontent.com/PokeAPI/sprites/master/sprites/pokemon/versions/generation-v/black-white/animated/121.gif
11_2024-01-11,2024-01-11,2,"A Venusaur, moving,
Seeking sunlight.
",https://raw.githubusercontent.com/PokeAPI/sprites/master/sprites/pokemon/versions/generation-v/black-white/animated/3.gif
12_2024-01-12,2024-01-12,86,"A dewgong swims
It's thermal energy
Is stored in the body.
",https://raw.githubusercontent.com/PokeAPI/sprites/master/sprites/pokemon/versions/generation-v/black-white/animated/87.gif
13_2024-01-13,2024-01-13,28,"A nidoran-f sits
In the grassland.
The horns are small.
",https://raw.githubusercontent.com/PokeAPI/sprites/master/sprites/pokemon/versions/generation-v/black-white/animated/29.gif
14_2024-01-14,2024-01-14,102,"A Pokemon's life,

Is as a whole.

An EXEGGCUTE.",https://raw.githubusercontent.com/PokeAPI/sprites/master/sprites/pokemon/versions/generation-v/black-white/animated/103.gif
15_2024-01-15,2024-01-15,78,"Slowpoke,
Dip its tail
In the river.
",https://raw.githubusercontent.com/PokeAPI/sprites/master/sprites/pokemon/versions/generation-v/black-white/animated/79.gif
16_2024-01-16,2024-01-16,85,"The seel's horn is hard,

It is used to bash through

The thick icebergs.",https://raw.githubusercontent.com/PokeAPI/sprites/master/sprites/pokemon/versions/generation-v/black-white/animated/86.gif
17_2024-01-17,2024-01-17,117,"A water queen, so grand and so grand
Is the goldeen, which is a Pokemon
It can be found,",https://raw.githubusercontent.com/PokeAPI/sprites/master/sprites/pokemon/versions/generation-v/black-white/animated/118.gif
18_2024-01-18,2024-01-18,93,"A gengar, a cave,

A night of a full moon.",https://raw.githubusercontent.com/PokeAPI/sprites/master/sprites/pokemon/versions/generation-v/black-white/animated/94.gif
19_2024-01-19,2024-01-19,39,"A wigglytuff,

Is a Pokemon.

Is in the grassland.",https://raw.githubusercontent.com/PokeAPI/sprites/master/sprites/pokemon/versions/generation-v/black-white/animated/40.gif
20_2024-01-20,2024-01-20,92,"At the far end of the cave,
A haunter, I believe.
I do not know why.
",https://raw.githubusercontent.com/PokeAPI/sprites/master/sprites/pokemon/versions/generation-v/black-white/animated/93.gif
21_2024-01-21,2024-01-21,52,"A Persian cat
Is a very proud
And lovely pet.
",https://raw.githubusercontent.com/PokeAPI/sprites/master/sprites/pokemon/versions/generation-v/black-white/animated/53.gif
22_2024-01-22,2024-01-22,20,"A busy spearow,
In a small clearing,
Fights a battle strong.",https://raw.githubusercontent.com/PokeAPI/sprites/master/sprites/pokemon/versions/generation-v/black-white/animated/21.gif
23_2024-01-23,2024-01-23,43,"In the grassland's shade,
A Pokemon named Gloom,
Flies by with ease.
",https://raw.githubusercontent.com/PokeAPI/sprites/master/sprites/pokemon/versions/generation-v/black-white/animated/44.gif
24_2024-01-24,2024-01-24,1,"The ivysaur's bulb grows,
And it sinks to the ground.
",https://raw.githubusercontent.com/PokeAPI/sprites/master/sprites/pokemon/versions/generation-v/black-white/animated/2.gif
25_2024-01-25,2024-01-25,70,"With its long, waving vine,
The victim-stealing Victreebel
Is the most adorable Pokémon.",https://raw.githubusercontent.com/PokeAPI/sprites/master/sprites/pokemon/versions/generation-v/black-white/animated/71.gif
26_2024-01-26,2024-01-26,101,"The Pokemon exeggcute
Is often mistaken for
An egg.
It is a small, round
 Pokemon.",https://raw.githubusercontent.com/PokeAPI/sprites/master/sprites/pokemon/versions/generation-v/black-white/animated/102.gif
27_2024-01-27,2024-01-27,95,"Drowzee drowzee
Gently sleeping, gently breathing
I'm glad to be back.",https://raw.githubusercontent.com/PokeAPI/sprites/master/sprites/pokemon/versions/generation-v/black-white/animated/96.gif
28_2024-01-28,2024-01-28,110,"The rhyhorn is a tough Pokemon
Who's bones are hard as nails—
With the strength to knock a sem",https://raw.githubusercontent.com/PokeAPI/sprites/master/sprites/pokemon/versions/generation-v/black-white/animated/111.gif
29_2024-01-29,2024-01-29,30,"The nidoqueen

Scales of defense

Is the Pokemon of the grass.",https://raw.githubusercontent.com/PokeAPI/sprites/master/sprites/pokemon/versions/generation-v/black-white/animated/31.gif
30_2024-01-30,2024-01-30,47,"A sly and sneaky Pokémon,

VernoAT lives in the shadows of tall trees.

It's",https://raw.githubusercontent.com/PokeAPI/sprites/master/sprites/pokemon/versions/generation-v/black-white/animated/48.gif
31_2024-01-31,2024-01-31,140,"Kabutops swims,
In the deep, deep sea,
Catching prey
With its scythe-like",https://raw.githubusercontent.com/PokeAPI/sprites/master/sprites/pokemon/versions/generation-v/black-white/animated/141.gif
32_2024-02-01,2024-02-01,23,"The arbok's belly is said to be a
ferocious beast,

Fist of fury.",https://raw.githubusercontent.com/PokeAPI/sprites/master/sprites/pokemon/versions/generation-v/black-white/animated/24.gif
33_2024-02-02,2024-02-02,24,"pikachu,
  a Pokemon that can't be tamed,
  lives in a forest.",https://raw.githubusercontent.com/PokeAPI/sprites/master/sprites/pokemon/versions/generation-v/black-white/animated/25.gif
34_2024-02-03,2024-02-03,114,"Kangaskhan,
A small,
Three-year-old
Pokemon.",https://raw.githubusercontent.com/PokeAPI/sprites/master/sprites/pokemon/versions/generation-v/black-white/animated/115.gif
35_2024-02-04,2024-02-04,131,"Ditto

A ditto, in the city
A ditto, in its den",https://raw.githubusercontent.com/PokeAPI/sprites/master/sprites/pokemon/versions/generation-v/black-white/animated/132.gif
36_2024-02-05,2024-02-05,16,"geotto, fierce and alert
Protecting their territory
From any intruders",https://raw.githubusercontent.com/PokeAPI/sprites/master/sprites/pokemon/versions/generation-v/black-white/animated/17.gif
37_2024-02-06,2024-02-06,105,"A Pokemon's name
Is ""hitmonlee""
A Pokemon that is
From urban areas.",https://raw.githubusercontent.com/PokeAPI/sprites/master/sprites/pokemon/versions/generation-v/black-white/animated/106.gif
38_2024-02-07,2024-02-07,116,"Seadra, a Pokemon
Swimming backwards
With its pectoral fins and tail.",https://raw.githubusercontent.com/PokeAPI/sprites/master/sprites/pokemon/versions/generation-v/black-white/animated/117.gif
39_2024-02-08,2024-02-08,95,"Drowzee drowzee
Gently sleeping, gently breathing
I'm glad to be back.",https://raw.githubusercontent.com/PokeAPI/sprites/master/sprites/pokemon/versions/generation-v/black-white/animated/96.gif
40_2024-02-09,2024-02-09,110,"The rhyhorn is a tough Pokemon
Who's bones are hard as nails—
With the strength to knock a sem",https://raw.githubusercontent.com/PokeAPI/sprites/master/sprites/pokemon/versions/generation-v/black-white/animated/111.gif
41_2024-02-10,2024-02-10,65,"Machop,
The muscle child.

 Machop,
Hurl the mountains.",https://raw.githubusercontent.com/PokeAPI/sprites/master/sprites/pokemon/versions/generation-v/black-white/animated/66.gif
42_2024-02-11,2024-02-11,12,"It ate a lot of leaves,

The weedle.
",https://raw.githubusercontent.com/PokeAPI/sprites/master/sprites/pokemon/versions/generation-v/black-white/animated/13.gif
43_2024-02-12,2024-02-12,41,"A Golbat, with its mouth

And its feet

Will not stop

Draining energy
From its",https://raw.githubusercontent.com/PokeAPI/sprites/master/sprites/pokemon/versions/generation-v/black-white/animated/42.gif
44_2024-02-13,2024-02-13,51,"A meowth, sleep,
With its eyes aglow.
",https://raw.githubusercontent.com/PokeAPI/sprites/master/sprites/pokemon/versions/generation-v/black-white/animated/52.gif
45_2024-02-14,2024-02-14,122,"Scyther, with its wickedly sharp scythes
Scratches and tears its prey.
From a grassland",https://raw.githubusercontent.com/PokeAPI/sprites/master/sprites/pokemon/versions/generation-v/black-white/animated/123.gif
46_2024-02-15,2024-02-15,83,"In the grassland,
A bird
That makes up for its
Poor flying
With its fast foot speed.
",https://raw.githubusercontent.com/PokeAPI/sprites/master/sprites/pokemon/versions/generation-v/black-white/animated/84.gif
47_2024-02-16,2024-02-16,106,"A quick, fast Pokemon,

A lightning-fast punch,

A flash of light.",https://raw.githubusercontent.com/PokeAPI/sprites/master/sprites/pokemon/versions/generation-v/black-white/animated/107.gif
48_2024-02-17,2024-02-17,133,"Vaporeon lives close to the

Water, with its long

Ridged tail, a fin.",https://raw.githubusercontent.com/PokeAPI/sprites/master/sprites/pokemon/versions/generation-v/black-white/animated/134.gif
49_2024-02-18,2024-02-18,21,"A fearful flight,
A wingless Pokémon.

With its great strength
It has a magnificent flight.",https://raw.githubusercontent.com/PokeAPI/sprites/master/sprites/pokemon/versions/generation-v/black-white/animated/22.gif
50_2024-02-19,2024-02-19,65,"Machop,
The muscle child.

 Machop,
Hurl the mountains.",https://raw.githubusercontent.com/PokeAPI/sprites/master/sprites/pokemon/versions/generation-v/black-white/animated/66.gif
51_2024-02-20,2024-02-20,99,"In the power plant's cage,
The Pokémon Voltorb
Zapped many people.",https://raw.githubusercontent.com/PokeAPI/sprites/master/sprites/pokemon/versions/generation-v/black-white/animated/100.gif
52_2024-02-21,2024-02-21,34,"Clefairy, a magical Pokemon
A cute one too, a rare sight
With its admirers.",https://raw.githubusercontent.com/PokeAPI/sprites/master/sprites/pokemon/versions/generation-v/black-white/animated/35.gif
53_2024-02-22,2024-02-22,8,"A BLASTOISE,
A shelled,
A water-jet-wielding,
BATTLE",https://raw.githubusercontent.com/PokeAPI/sprites/master/sprites/pokemon/versions/generation-v/black-white/animated/9.gif
54_2024-02-23,2024-02-23,79,"A slowbro, with a shell that clings
To the slowpoke’s tail,
 feeds on its leftovers",https://raw.githubusercontent.com/PokeAPI/sprites/master/sprites/pokemon/versions/generation-v/black-white/animated/80.gif
55_2024-02-24,2024-02-24,44,"vileplume
The air around
A highly toxic
And causes paralysis.",https://raw.githubusercontent.com/PokeAPI/sprites/master/sprites/pokemon/versions/generation-v/black-white/animated/45.gif
56_2024-02-25,2024-02-25,35,"The moment I sense you,

I run and hide,

A timid fairy.
",https://raw.githubusercontent.com/PokeAPI/sprites/master/sprites/pokemon/versions/generation-v/black-white/animated/36.gif
57_2024-02-26,2024-02-26,115,"A fish, so small
It's a Pokemon

It's a sea horse, the small fish",https://raw.githubusercontent.com/PokeAPI/sprites/master/sprites/pokemon/versions/generation-v/black-white/animated/116.gif
58_2024-02-27,2024-02-27,137,"A omanyte, once more,
Is found in the sea.

But once more,
It's gone",https://raw.githubusercontent.com/PokeAPI/sprites/master/sprites/pokemon/versions/generation-v/black-white/animated/138.gif
59_2024-02-28,2024-02-28,43,"In the grassland's shade,
A Pokemon named Gloom,
Flies by with ease.
",https://raw.githubusercontent.com/PokeAPI/sprites/master/sprites/pokemon/versions/generation-v/black-white/animated/44.gif
60_2024-02-29,2024-02-29,134,"a jolteon,

a storm,

a lightning bolt.",https://raw.githubusercontent.com/PokeAPI/sprites/master/sprites/pokemon/versions/generation-v/black-white/animated/135.gif
61_2024-03-01,2024-03-01,85,"The seel's horn is hard,

It is used to bash through

The thick icebergs.",https://raw.githubusercontent.com/PokeAPI/sprites/master/sprites/pokemon/versions/generation-v/black-white/animated/86.gif
62_2024-03-02,2024-03-02,34,"Clefairy, a magical Pokemon
A cute one too, a rare sight
With its admirers.",https://raw.githubusercontent.com/PokeAPI/sprites/master/sprites/pokemon/versions/generation-v/black-white/animated/35.gif
63_2024-03-03,2024-03-03,104,"The marowak

Is the smallest Pokemon

And also the weakest.

It is small and

",https://raw.githubusercontent.com/PokeAPI/sprites/master/sprites/pokemon/versions/generation-v/black-white/animated/105.gif
64_2024-03-04,2024-03-04,79,"A slowbro, with a shell that clings
To the slowpoke’s tail,
 feeds on its leftovers",https://raw.githubusercontent.com/PokeAPI/sprites/master/sprites/pokemon/versions/generation-v/black-white/animated/80.gif
65_2024-03-05,2024-03-05,20,"A busy spearow,
In a small clearing,
Fights a battle strong.",https://raw.githubusercontent.com/PokeAPI/sprites/master/sprites/pokemon/versions/generation-v/black-white/animated/21.gif
66_2024-03-06,2024-03-06,137,"A omanyte, once more,
Is found in the sea.

But once more,
It's gone",https://raw.githubusercontent.com/PokeAPI/sprites/master/sprites/pokemon/versions/generation-v/black-white/animated/138.gif
67_2024-03-07,2024-03-07,85,"The seel's horn is hard,

It is used to bash through

The thick icebergs.",https://raw.githubusercontent.com/PokeAPI/sprites/master/sprites/pokemon/versions/generation-v/black-white/animated/86.gif
68_2024-03-08,2024-03-08,39,"A wigglytuff,

Is a Pokemon.

Is in the grassland.",https://raw.githubusercontent.com/PokeAPI/sprites/master/sprites/pokemon/versions/generation-v/black-white/animated/40.gif
69_2024-03-09,2024-03-09,11,"A butterfree flits past,

Flowing with speed to

Release its toxic

Dust.",https://raw.githubusercontent.com/PokeAPI/sprites/master/sprites/pokemon/versions/generation-v/black-white/animated/12.gif
70_2024-03-10,2024-03-10,18,"A rattata in the grass
The sharp fangs are long
And sharp as a pin
It gnaws and gn",https://raw.githubusercontent.com/PokeAPI/sprites/master/sprites/pokemon/versions/generation-v/black-white/animated/19.gif
71_2024-03-11,2024-03-11,73,"Geodude
Geodude
Geodude,
The steps
The steps,
The steps
The steps",https://raw.githubusercontent.com/PokeAPI/sprites/master/sprites/pokemon/versions/generation-v/black-white/animated/74.gif
72_2024-03-12,2024-03-12,77,"Rapidash, the horse of the sea,
Gallops at a top speed of
150 miles per hour.",https://raw.githubusercontent.com/PokeAPI/sprites/master/sprites/pokemon/versions/generation-v/black-white/animated/78.gif
73_2024-03-13,2024-03-13,25,"A raichu,

Beneath the trees,

Is a Pokemon.",https://raw.githubusercontent.com/PokeAPI/sprites/master/sprites/pokemon/versions/generation-v/black-white/animated/26.gif
74_2024-03-14,2024-03-14,54,"Golduck
The webbed forelegs
A calm lake
",https://raw.githubusercontent.com/PokeAPI/sprites/master/sprites/pokemon/versions/generation-v/black-white/animated/55.gif
75_2024-03-15,2024-03-15,48,"The wings

Of the venomoth

Are covered with

Scales.
",https://raw.githubusercontent.com/PokeAPI/sprites/master/sprites/pokemon/versions/generation-v/black-white/animated/49.gif
76_2024-03-16,2024-03-16,126,"A Pokemon called Pinsir
If it cannot crush the foe
It will spin and toss the opponent.",https://raw.githubusercontent.com/PokeAPI/sprites/master/sprites/pokemon/versions/generation-v/black-white/animated/127.gif
77_2024-03-17,2024-03-17,54,"Golduck
The webbed forelegs
A calm lake
",https://raw.githubusercontent.com/PokeAPI/sprites/master/sprites/pokemon/versions/generation-v/black-white/animated/55.gif
78_2024-03-18,2024-03-18,20,"A busy spearow,
In a small clearing,
Fights a battle strong.",https://raw.githubusercontent.com/PokeAPI/sprites/master/sprites/pokemon/versions/generation-v/black-white/animated/21.gif
79_2024-03-19,2024-03-19,139,"A kabuto,
A skull,
A thing of bone.",https://raw.githubusercontent.com/PokeAPI/sprites/master/sprites/pokemon/versions/generation-v/black-white/animated/140.gif
80_2024-03-20,2024-03-20,16,"geotto, fierce and alert
Protecting their territory
From any intruders",https://raw.githubusercontent.com/PokeAPI/sprites/master/sprites/pokemon/versions/generation-v/black-white/animated/17.gif
81_2024-03-21,2024-03-21,56,"meape the Primeape:
Furious, tenacious:
Chases its quarry, never giving up.",https://raw.githubusercontent.com/PokeAPI/sprites/master/sprites/pokemon/versions/generation-v/black-white/animated/57.gif
82_2024-03-22,2024-03-22,0,"A strange seed
Is planted on its back.
 Bulbasaur.
",https://raw.githubusercontent.com/PokeAPI/sprites/master/sprites/pokemon/versions/generation-v/black-white/animated/1.gif
83_2024-03-23,2024-03-23,12,"It ate a lot of leaves,

The weedle.
",https://raw.githubusercontent.com/PokeAPI/sprites/master/sprites/pokemon/versions/generation-v/black-white/animated/13.gif
84_2024-03-24,2024-03-24,141,"A Pokemon,
Aerodactyl,
Flies high,
Wings outstretched.",https://raw.githubusercontent.com/PokeAPI/sprites/master/sprites/pokemon/versions/generation-v/black-white/animated/142.gif
85_2024-03-25,2024-03-25,125,"A magmar, hiding in the flames,
A flame that burns with orange glow.
",https://raw.githubusercontent.com/PokeAPI/sprites/master/sprites/pokemon/versions/generation-v/black-white/animated/126.gif
86_2024-03-26,2024-03-26,50,"A team ofDiglett Triplets
Dugtrio - the one that's a cave
It can burrow 60",https://raw.githubusercontent.com/PokeAPI/sprites/master/sprites/pokemon/versions/generation-v/black-white/animated/51.gif
87_2024-03-27,2024-03-27,82,"A tall stalk of grass
The name of this Pokemon
Is a portmanteau of the word ""farmed""",https://raw.githubusercontent.com/PokeAPI/sprites/master/sprites/pokemon/versions/generation-v/black-white/animated/83.gif
88_2024-03-28,2024-03-28,28,"A nidoran-f sits
In the grassland.
The horns are small.
",https://raw.githubusercontent.com/PokeAPI/sprites/master/sprites/pokemon/versions/generation-v/black-white/animated/29.gif
89_2024-03-29,2024-03-29,128,"Magikarp, the powerful Pokemon

The waters' edge, where it swims.

Magikarp,",https://raw.githubusercontent.com/PokeAPI/sprites/master/sprites/pokemon/versions/generation-v/black-white/animated/129.gif
90_2024-03-30,2024-03-30,25,"A raichu,

Beneath the trees,

Is a Pokemon.",https://raw.githubusercontent.com/PokeAPI/sprites/master/sprites/pokemon/versions/generation-v/black-white/animated/26.gif
91_2024-03-31,2024-03-31,51,"A meowth, sleep,
With its eyes aglow.
",https://raw.githubusercontent.com/PokeAPI/sprites/master/sprites/pokemon/versions/generation-v/black-white/animated/52.gif
92_2024-04-01,2024-04-01,13,"There is a Pokemon,
That is almost incapable
Of moving...
That can only harden
Its shell to protect
",https://raw.githubusercontent.com/PokeAPI/sprites/master/sprites/pokemon/versions/generation-v/black-white/animated/14.gif
93_2024-04-02,2024-04-02,148,"Dragonite, the most powerful Pokémon
A rare sight to see
A very few people can see it
",https://raw.githubusercontent.com/PokeAPI/sprites/master/sprites/pokemon/versions/generation-v/black-white/animated/149.gif
94_2024-04-03,2024-04-03,124,"Electabuzz,
A black electric
A power plant.",https://raw.githubusercontent.com/PokeAPI/sprites/master/sprites/pokemon/versions/generation-v/black-white/animated/125.gif
95_2024-04-04,2024-04-04,88,"A muk, muk, muk
Thickly covered in a vile
Sludge.
",https://raw.githubusercontent.com/PokeAPI/sprites/master/sprites/pokemon/versions/generation-v/black-white/animated/89.gif
96_2024-04-05,2024-04-05,59,"poliwag

A poliwag with

Newly grown legs

Swims in the water's edge",https://raw.githubusercontent.com/PokeAPI/sprites/master/sprites/pokemon/versions/generation-v/black-white/animated/60.gif
97_2024-04-06,2024-04-06,111,"Rhydon,

With scales

Of lava

",https://raw.githubusercontent.com/PokeAPI/sprites/master/sprites/pokemon/versions/generation-v/black-white/animated/112.gif
98_2024-04-07,2024-04-07,148,"Dragonite, the most powerful Pokémon
A rare sight to see
A very few people can see it
",https://raw.githubusercontent.com/PokeAPI/sprites/master/sprites/pokemon/versions/generation-v/black-white/animated/149.gif
99_2024-04-08,2024-04-08,10,"Metapod, Metapod,
Is a tiny creature,
Vulnerable and tender.",https://raw.githubusercontent.com/PokeAPI/sprites/master/sprites/pokemon/versions/generation-v/black-white/animated/11.gif
100_2024-04-09,2024-04-09,129,"GYARADOS!
Fierce and violent,
When the water turns red,
It will go out",https://raw.githubusercontent.com/PokeAPI/sprites/master/sprites/pokemon/versions/generation-v/black-white/animated/130.gif
101_2024-04-10,2024-04-10,88,"A muk, muk, muk
Thickly covered in a vile
Sludge.
",https://raw.githubusercontent.com/PokeAPI/sprites/master/sprites/pokemon/versions/generation-v/black-white/animated/89.gif
102_2024-04-11,2024-04-11,121,"A double-lipped Mr. Mime

Stretching out its hands.
",https://raw.githubusercontent.com/PokeAPI/sprites/master/sprites/pokemon/versions/generation-v/black-white/animated/122.gif
103_2024-04-12,2024-04-12,111,"Rhydon,

With scales

Of lava

",https://raw.githubusercontent.com/PokeAPI/sprites/master/sprites/pokemon/versions/generation-v/black-white/animated/112.gif
104_2024-04-13,2024-04-13,80,"Magnemite: a Pokemon of power
Grounded by antigravity
Thundered away!",https://raw.githubusercontent.com/PokeAPI/sprites/master/sprites/pokemon/versions/generation-v/black-white/animated/81.gif
105_2024-04-14,2024-04-14,9,"aterpie, caterpie,
Caterpie, the caterpillar, the
Caterpie, the caterpillar,",https://raw.githubusercontent.com/PokeAPI/sprites/master/sprites/pokemon/versions/generation-v/black-white/animated/10.gif
106_2024-04-15,2024-04-15,137,"A omanyte, once more,
Is found in the sea.

But once more,
It's gone",https://raw.githubusercontent.com/PokeAPI/sprites/master/sprites/pokemon/versions/generation-v/black-white/animated/138.gif
107_2024-04-16,2024-04-16,124,"Electabuzz,
A black electric
A power plant.",https://raw.githubusercontent.com/PokeAPI/sprites/master/sprites/pokemon/versions/generation-v/black-white/animated/125.gif
108_2024-04-17,2024-04-17,116,"Seadra, a Pokemon
Swimming backwards
With its pectoral fins and tail.",https://raw.githubusercontent.com/PokeAPI/sprites/master/sprites/pokemon/versions/generation-v/black-white/animated/117.gif
109_2024-04-18,2024-04-18,46,"A parasect's world,
A parasitic fungus.
It can be found in the forest.",https://raw.githubusercontent.com/PokeAPI/sprites/master/sprites/pokemon/versions/generation-v/black-white/animated/47.gif
110_2024-04-19,2024-04-19,102,"A Pokemon's life,

Is as a whole.

An EXEGGCUTE.",https://raw.githubusercontent.com/PokeAPI/sprites/master/sprites/pokemon/versions/generation-v/black-white/animated/103.gif
111_2024-04-20,2024-04-20,94,"The stone Pokemon Onix
Grows to resemble its name:
Onix
",https://raw.githubusercontent.com/PokeAPI/sprites/master/sprites/pokemon/versions/generation-v/black-white/animated/95.gif
112_2024-04-21,2024-04-21,99,"In the power plant's cage,
The Pokémon Voltorb
Zapped many people.",https://raw.githubusercontent.com/PokeAPI/sprites/master/sprites/pokemon/versions/generation-v/black-white/animated/100.gif
113_2024-04-22,2024-04-22,135,"Flareon, the fire-breathing Pokemon
Is the temperature in its body
A thousand degrees, or more.",https://raw.githubusercontent.com/PokeAPI/sprites/master/sprites/pokemon/versions/generation-v/black-white/animated/136.gif
114_2024-04-23,2024-04-23,106,"A quick, fast Pokemon,

A lightning-fast punch,

A flash of light.",https://raw.githubusercontent.com/PokeAPI/sprites/master/sprites/pokemon/versions/generation-v/black-white/animated/107.gif
115_2024-04-24,2024-04-24,57,"The grass is so dense
The only way through
Is growlithe",https://raw.githubusercontent.com/PokeAPI/sprites/master/sprites/pokemon/versions/generation-v/black-white/animated/58.gif
116_2024-04-25,2024-04-25,29,"a,
 female with horns,
 like a cat.",https://raw.githubusercontent.com/PokeAPI/sprites/master/sprites/pokemon/versions/generation-v/black-white/animated/30.gif
117_2024-04-26,2024-04-26,92,"At the far end of the cave,
A haunter, I believe.
I do not know why.
",https://raw.githubusercontent.com/PokeAPI/sprites/master/sprites/pokemon/versions/generation-v/black-white/animated/93.gif
118_2024-04-27,2024-04-27,146,"Dratini,
A mysterious Pokemon,
Is now found in the edge.",https://raw.githubusercontent.com/PokeAPI/sprites/master/sprites/pokemon/versions/generation-v/black-white/animated/147.gif
119_2024-04-28,2024-04-28,29,"a,
 female with horns,
 like a cat.",https://raw.githubusercontent.com/PokeAPI/sprites/master/sprites/pokemon/versions/generation-v/black-white/animated/30.gif
120_2024-04-29,2024-04-29,140,"Kabutops swims,
In the deep, deep sea,
Catching prey
With its scythe-like",https://raw.githubusercontent.com/PokeAPI/sprites/master/sprites/pokemon/versions/generation-v/black-white/animated/141.gif
121_2024-04-30,2024-04-30,132,"A Pokemon called ""eevee""

Its genetic code is

 Irregular.",https://raw.githubusercontent.com/PokeAPI/sprites/master/sprites/pokemon/versions/generation-v/black-white/animated/133.gif
122_2024-05-01,2024-05-01,6,"A Pokémon with a shell as hard

As a child, it swells

And hardens; the shell
",https://raw.githubusercontent.com/PokeAPI/sprites/master/sprites/pokemon/versions/generation-v/black-white/animated/7.gif
123_2024-05-02,2024-05-02,98,"Kingler the crusher
Is a powerful Pokemon
With a pincer of 10,000 horsepower
But its size is too",https://raw.githubusercontent.com/PokeAPI/sprites/master/sprites/pokemon/versions/generation-v/black-white/animated/99.gif
124_2024-05-03,2024-05-03,136,"A porygon skulks

In the city, between
The buildings.",https://raw.githubusercontent.com/PokeAPI/sprites/master/sprites/pokemon/versions/generation-v/black-white/animated/137.gif
125_2024-05-04,2024-05-04,34,"Clefairy, a magical Pokemon
A cute one too, a rare sight
With its admirers.",https://raw.githubusercontent.com/PokeAPI/sprites/master/sprites/pokemon/versions/generation-v/black-white/animated/35.gif
126_2024-05-05,2024-05-05,116,"Seadra, a Pokemon
Swimming backwards
With its pectoral fins and tail.",https://raw.githubusercontent.com/PokeAPI/sprites/master/sprites/pokemon/versions/generation-v/black-white/animated/117.gif
127_2024-05-06,2024-05-06,93,"A gengar, a cave,

A night of a full moon.",https://raw.githubusercontent.com/PokeAPI/sprites/master/sprites/pokemon/versions/generation-v/black-white/animated/94.gif
128_2024-05-07,2024-05-07,139,"A kabuto,
A skull,
A thing of bone.",https://raw.githubusercontent.com/PokeAPI/sprites/master/sprites/pokemon/versions/generation-v/black-white/animated/140.gif
129_2024-05-08,2024-05-08,18,"A rattata in the grass
The sharp fangs are long
And sharp as a pin
It gnaws and gn",https://raw.githubusercontent.com/PokeAPI/sprites/master/sprites/pokemon/versions/generation-v/black-white/animated/19.gif
130_2024-05-09,2024-05-09,86,"A dewgong swims
It's thermal energy
Is stored in the body.
",https://raw.githubusercontent.com/PokeAPI/sprites/master/sprites/pokemon/versions/generation-v/black-white/animated/87.gif
131_2024-05-10,2024-05-10,26,"Deep in the arid ground,
The sandshrew's burrow.
The sandshrew comes out to play.",https://raw.githubusercontent.com/PokeAPI/sprites/master/sprites/pokemon/versions/generation-v/black-white/animated/27.gif
132_2024-05-11,2024-05-11,3,"A Charmander, too hot to hold,
Goes up to the mountain.
",https://raw.githubusercontent.com/PokeAPI/sprites/master/sprites/pokemon/versions/generation-v/black-white/animated/4.gif
133_2024-05-12,2024-05-12,5,"Charizard, the firebird

Spits fire

Is hot enough to melt boulders.",https://raw.githubusercontent.com/PokeAPI/sprites/master/sprites/pokemon/versions/generation-v/black-white/animated/6.gif
134_2024-05-13,2024-05-13,139,"A kabuto,
A skull,
A thing of bone.",https://raw.githubusercontent.com/PokeAPI/sprites/master/sprites/pokemon/versions/generation-v/black-white/animated/140.gif
135_2024-05-14,2024-05-14,38,"jigglypuff,

with its huge,

winking eyes

sings a song

that",https://raw.githubusercontent.com/PokeAPI/sprites/master/sprites/pokemon/versions/generation-v/black-white/animated/39.gif
136_2024-05-15,2024-05-15,144,"A ZAPDOS so rare
And so swift
It makes a crackling and snapping sound.",https://raw.githubusercontent.com/PokeAPI/sprites/master/sprites/pokemon/versions/generation-v/black-white/animated/145.gif
137_2024-05-16,2024-05-16,94,"The stone Pokemon Onix
Grows to resemble its name:
Onix
",https://raw.githubusercontent.com/PokeAPI/sprites/master/sprites/pokemon/versions/generation-v/black-white/animated/95.gif
138_2024-05-17,2024-05-17,28,"A nidoran-f sits
In the grassland.
The horns are small.
",https://raw.githubusercontent.com/PokeAPI/sprites/master/sprites/pokemon/versions/generation-v/black-white/animated/29.gif
139_2024-05-18,2024-05-18,149,"A Pokemon with a frown,
A face not to be fathom,
A creature of maniac.
",https://raw.githubusercontent.com/PokeAPI/sprites/master/sprites/pokemon/versions/generation-v/black-white/animated/150.gif
140_2024-05-19,2024-05-19,36,"A vulpix,
A vulpix,
A vulpix, a Pokemon",https://raw.githubusercontent.com/PokeAPI/sprites/master/sprites/pokemon/versions/generation-v/black-white/animated/37.gif
141_2024-05-20,2024-05-20,62,"A Pokemon called abra,
A mind reader and Teleport,
Is the most powerful Pokemon in the world.",https://raw.githubusercontent.com/PokeAPI/sprites/master/sprites/pokemon/versions/generation-v/black-white/animated/63.gif
142_2024-05-21,2024-05-21,9,"aterpie, caterpie,
Caterpie, the caterpillar, the
Caterpie, the caterpillar,",https://raw.githubusercontent.com/PokeAPI/sprites/master/sprites/pokemon/versions/generation-v/black-white/animated/10.gif
143_2024-05-22,2024-05-22,62,"A Pokemon called abra,
A mind reader and Teleport,
Is the most powerful Pokemon in the world.",https://raw.githubusercontent.com/PokeAPI/sprites/master/sprites/pokemon/versions/generation-v/black-white/animated/63.gif
144_2024-05-23,2024-05-23,7,"Wartortle, with its long neck,
Stalks its prey in the pond.
It moves its ears",https://raw.githubusercontent.com/PokeAPI/sprites/master/sprites/pokemon/versions/generation-v/black-white/animated/8.gif
145_2024-05-24,2024-05-24,76,"A Pokemon's name is Ponyta,
Its feet are ten times harder than diamond,
And it can crush things in",https://raw.githubusercontent.com/PokeAPI/sprites/master/sprites/pokemon/versions/generation-v/black-white/animated/77.gif
146_2024-05-25,2024-05-25,59,"poliwag

A poliwag with

Newly grown legs

Swims in the water's edge",https://raw.githubusercontent.com/PokeAPI/sprites/master/sprites/pokemon/versions/generation-v/black-white/animated/60.gif
147_2024-05-26,2024-05-26,140,"Kabutops swims,
In the deep, deep sea,
Catching prey
With its scythe-like",https://raw.githubusercontent.com/PokeAPI/sprites/master/sprites/pokemon/versions/generation-v/black-white/animated/141.gif
148_2024-05-27,2024-05-27,120,"A starmie glows like a star
A central core bright
A gem.",https://raw.githubusercontent.com/PokeAPI/sprites/master/sprites/pokemon/versions/generation-v/black-white/animated/121.gif
149_2024-05-28,2024-05-28,124,"Electabuzz,
A black electric
A power plant.",https://raw.githubusercontent.com/PokeAPI/sprites/master/sprites/pokemon/versions/generation-v/black-white/animated/125.gif
150_2024-05-29,2024-05-29,103,"Cubone is a Pokemon that
Will always wear his helmet.
That way no one can see his face.",https://raw.githubusercontent.com/PokeAPI/sprites/master/sprites/pokemon/versions/generation-v/black-white/animated/104.gif
151_2024-05-30,2024-05-30,54,"Golduck
The webbed forelegs
A calm lake
",https://raw.githubusercontent.com/PokeAPI/sprites/master/sprites/pokemon/versions/generation-v/black-white/animated/55.gif
152_2024-05-31,2024-05-31,125,"A magmar, hiding in the flames,
A flame that burns with orange glow.
",https://raw.githubusercontent.com/PokeAPI/sprites/master/sprites/pokemon/versions/generation-v/black-white/animated/126.gif
153_2024-06-01,2024-06-01,139,"A kabuto,
A skull,
A thing of bone.",https://raw.githubusercontent.com/PokeAPI/sprites/master/sprites/pokemon/versions/generation-v/black-white/animated/140.gif
154_2024-06-02,2024-06-02,90,"When attacked, the cloyster
Launches itself at the enemy's
Bones of the legs.
",https://raw.githubusercontent.com/PokeAPI/sprites/master/sprites/pokemon/versions/generation-v/black-white/animated/91.gif
155_2024-06-03,2024-06-03,63,"A boy with eyes of fire

And a body of ice

Awoke in bed
transformed into k",https://raw.githubusercontent.com/PokeAPI/sprites/master/sprites/pokemon/versions/generation-v/black-white/animated/64.gif
156_2024-06-04,2024-06-04,67,"Machamp's
Fists are like
A hurricane.
",https://raw.githubusercontent.com/PokeAPI/sprites/master/sprites/pokemon/versions/generation-v/black-white/animated/68.gif
157_2024-06-05,2024-06-05,61,"A poliwrath,

With a smooth, streamlined body

Swims with ease

In the waters-",https://raw.githubusercontent.com/PokeAPI/sprites/master/sprites/pokemon/versions/generation-v/black-white/animated/62.gif
158_2024-06-06,2024-06-06,59,"poliwag

A poliwag with

Newly grown legs

Swims in the water's edge",https://raw.githubusercontent.com/PokeAPI/sprites/master/sprites/pokemon/versions/generation-v/black-white/animated/60.gif
159_2024-06-07,2024-06-07,80,"Magnemite: a Pokemon of power
Grounded by antigravity
Thundered away!",https://raw.githubusercontent.com/PokeAPI/sprites/master/sprites/pokemon/versions/generation-v/black-white/animated/81.gif
160_2024-06-08,2024-06-08,18,"A rattata in the grass
The sharp fangs are long
And sharp as a pin
It gnaws and gn",https://raw.githubusercontent.com/PokeAPI/sprites/master/sprites/pokemon/versions/generation-v/black-white/animated/19.gif
161_2024-06-09,2024-06-09,0,"A strange seed
Is planted on its back.
 Bulbasaur.
",https://raw.githubusercontent.com/PokeAPI/sprites/master/sprites/pokemon/versions/generation-v/black-white/animated/1.gif
162_2024-06-10,2024-06-10,123,"It wiggles its hips
It's hard to refuse its calls
It's a jynx",https://raw.githubusercontent.com/PokeAPI/sprites/master/sprites/pokemon/versions/generation-v/black-white/animated/124.gif
163_2024-06-11,2024-06-11,56,"meape the Primeape:
Furious, tenacious:
Chases its quarry, never giving up.",https://raw.githubusercontent.com/PokeAPI/sprites/master/sprites/pokemon/versions/generation-v/black-white/animated/57.gif
164_2024-06-12,2024-06-12,26,"Deep in the arid ground,
The sandshrew's burrow.
The sandshrew comes out to play.",https://raw.githubusercontent.com/PokeAPI/sprites/master/sprites/pokemon/versions/generation-v/black-white/animated/27.gif
165_2024-06-13,2024-06-13,84,"Dodrio, the three-headed Pokemon,
Is found near the grassland,
Just like the grass.",https://raw.githubusercontent.com/PokeAPI/sprites/master/sprites/pokemon/versions/generation-v/black-white/animated/85.gif
166_2024-06-14,2024-06-14,81,"In the rough-terrain,
The Pokemon Magneton
Is formed by several magnethites,
 linked together.",https://raw.githubusercontent.com/PokeAPI/sprites/master/sprites/pokemon/versions/generation-v/black-white/animated/82.gif
167_2024-06-15,2024-06-15,42,"Oddish,

Bending

Its head

Like a

Crown.
",https://raw.githubusercontent.com/PokeAPI/sprites/master/sprites/pokemon/versions/generation-v/black-white/animated/43.gif
168_2024-06-16,2024-06-16,54,"Golduck
The webbed forelegs
A calm lake
",https://raw.githubusercontent.com/PokeAPI/sprites/master/sprites/pokemon/versions/generation-v/black-white/animated/55.gif
169_2024-06-17,2024-06-17,7,"Wartortle, with its long neck,
Stalks its prey in the pond.
It moves its ears",https://raw.githubusercontent.com/PokeAPI/sprites/master/sprites/pokemon/versions/generation-v/black-white/animated/8.gif
170_2024-06-18,2024-06-18,104,"The marowak

Is the smallest Pokemon

And also the weakest.

It is small and

",https://raw.githubusercontent.com/PokeAPI/sprites/master/sprites/pokemon/versions/generation-v/black-white/animated/105.gif
171_2024-06-19,2024-06-19,22,"Moving silently,
ekans,
A Pokémon of the Grass type.
",https://raw.githubusercontent.com/PokeAPI/sprites/master/sprites/pokemon/versions/generation-v/black-white/animated/23.gif
172_2024-06-20,2024-06-20,132,"A Pokemon called ""eevee""

Its genetic code is

 Irregular.",https://raw.githubusercontent.com/PokeAPI/sprites/master/sprites/pokemon/versions/generation-v/black-white/animated/133.gif
173_2024-06-21,2024-06-21,137,"A omanyte, once more,
Is found in the sea.

But once more,
It's gone",https://raw.githubusercontent.com/PokeAPI/sprites/master/sprites/pokemon/versions/generation-v/black-white/animated/138.gif
174_2024-06-22,2024-06-22,73,"Geodude
Geodude
Geodude,
The steps
The steps,
The steps
The steps",https://raw.githubusercontent.com/PokeAPI/sprites/master/sprites/pokemon/versions/generation-v/black-white/animated/74.gif
175_2024-06-23,2024-06-23,55,"A mankey,

A mankey.

A mankey thrashed.
",https://raw.githubusercontent.com/PokeAPI/sprites/master/sprites/pokemon/versions/generation-v/black-white/animated/56.gif
176_2024-06-24,2024-06-24,96,"When it locks eyes with an enemy
Is a mix of PSI moves
Is hypno",https://raw.githubusercontent.com/PokeAPI/sprites/master/sprites/pokemon/versions/generation-v/black-white/animated/97.gif
177_2024-06-25,2024-06-25,19,"Raticate swims in the grass,
Its feet can take it anywhere.
The river is not a barrier.",https://raw.githubusercontent.com/PokeAPI/sprites/master/sprites/pokemon/versions/generation-v/black-white/animated/20.gif
178_2024-06-26,2024-06-26,112,"Chansey, with eyes half-closed
A rare Pokemon, so hard to find
A happy ending for you, I",https://raw.githubusercontent.com/PokeAPI/sprites/master/sprites/pokemon/versions/generation-v/black-white/animated/113.gif
179_2024-06-27,2024-06-27,145,"A Moltres, legendary bird of fire,
Every flap of its wings creates a dazzling flare of flames.
It",https://raw.githubusercontent.com/PokeAPI/sprites/master/sprites/pokemon/versions/generation-v/black-white/animated/146.gif
180_2024-06-28,2024-06-28,138,"Once, in the deep,

A star

Fell.",https://raw.githubusercontent.com/PokeAPI/sprites/master/sprites/pokemon/versions/generation-v/black-white/animated/139.gif
181_2024-06-29,2024-06-29,140,"Kabutops swims,
In the deep, deep sea,
Catching prey
With its scythe-like",https://raw.githubusercontent.com/PokeAPI/sprites/master/sprites/pokemon/versions/generation-v/black-white/animated/141.gif
182_2024-06-30,2024-06-30,91,"Gastly, a gaseous Pokemon,
A sleeping target, unaware,
A ghostly pale, and gas-like.",https://raw.githubusercontent.com/PokeAPI/sprites/master/sprites/pokemon/versions/generation-v/black-white/animated/92.gif
183_2024-07-01,2024-07-01,137,"A omanyte, once more,
Is found in the sea.

But once more,
It's gone",https://raw.githubusercontent.com/PokeAPI/sprites/master/sprites/pokemon/versions/generation-v/black-white/animated/138.gif
184_2024-07-02,2024-07-02,145,"A Moltres, legendary bird of fire,
Every flap of its wings creates a dazzling flare of flames.
It",https://raw.githubusercontent.com/PokeAPI/sprites/master/sprites/pokemon/versions/generation-v/black-white/animated/146.gif
185_2024-07-03,2024-07-03,17,"A Pidgeot hunt,
Gleaming with speed.
A magikarp nearby.",https://raw.githubusercontent.com/PokeAPI/sprites/master/sprites/pokemon/versions/generation-v/black-white/animated/18.gif
186_2024-07-04,2024-07-04,4,"A charmeleon swims in the
 mountain air,
 its tail
 aflame.",https://raw.githubusercontent.com/PokeAPI/sprites/master/sprites/pokemon/versions/generation-v/black-white/animated/5.gif
187_2024-07-05,2024-07-05,144,"A ZAPDOS so rare
And so swift
It makes a crackling and snapping sound.",https://raw.githubusercontent.com/PokeAPI/sprites/master/sprites/pokemon/versions/generation-v/black-white/animated/145.gif
188_2024-07-06,2024-07-06,35,"The moment I sense you,

I run and hide,

A timid fairy.
",https://raw.githubusercontent.com/PokeAPI/sprites/master/sprites/pokemon/versions/generation-v/black-white/animated/36.gif
189_2024-07-07,2024-07-07,89,"A Shellder, 
A hard shell,
Is vulnerable when open.",https://raw.githubusercontent.com/PokeAPI/sprites/master/sprites/pokemon/versions/generation-v/black-white/animated/90.gif
190_2024-07-08,2024-07-08,140,"Kabutops swims,
In the deep, deep sea,
Catching prey
With its scythe-like",https://raw.githubusercontent.com/PokeAPI/sprites/master/sprites/pokemon/versions/generation-v/black-white/animated/141.gif
191_2024-07-09,2024-07-09,99,"In the power plant's cage,
The Pokémon Voltorb
Zapped many people.",https://raw.githubusercontent.com/PokeAPI/sprites/master/sprites/pokemon/versions/generation-v/black-white/animated/100.gif
192_2024-07-10,2024-07-10,138,"Once, in the deep,

A star

Fell.",https://raw.githubusercontent.com/PokeAPI/sprites/master/sprites/pokemon/versions/generation-v/black-white/animated/139.gif
193_2024-07-11,2024-07-11,126,"A Pokemon called Pinsir
If it cannot crush the foe
It will spin and toss the opponent.",https://raw.githubusercontent.com/PokeAPI/sprites/master/sprites/pokemon/versions/generation-v/black-white/animated/127.gif
194_2024-07-12,2024-07-12,13,"There is a Pokemon,
That is almost incapable
Of moving...
That can only harden
Its shell to protect
",https://raw.githubusercontent.com/PokeAPI/sprites/master/sprites/pokemon/versions/generation-v/black-white/animated/14.gif
195_2024-07-13,2024-07-13,134,"a jolteon,

a storm,

a lightning bolt.",https://raw.githubusercontent.com/PokeAPI/sprites/master/sprites/pokemon/versions/generation-v/black-white/animated/135.gif
196_2024-07-14,2024-07-14,81,"In the rough-terrain,
The Pokemon Magneton
Is formed by several magnethites,
 linked together.",https://raw.githubusercontent.com/PokeAPI/sprites/master/sprites/pokemon/versions/generation-v/black-white/animated/82.gif
197_2024-07-15,2024-07-15,10,"Metapod, Metapod,
Is a tiny creature,
Vulnerable and tender.",https://raw.githubusercontent.com/PokeAPI/sprites/master/sprites/pokemon/versions/generation-v/black-white/animated/11.gif
198_2024-07-16,2024-07-16,54,"Golduck
The webbed forelegs
A calm lake
",https://raw.githubusercontent.com/PokeAPI/sprites/master/sprites/pokemon/versions/generation-v/black-white/animated/55.gif
199_2024-07-17,2024-07-17,67,"Machamp's
Fists are like
A hurricane.
",https://raw.githubusercontent.com/PokeAPI/sprites/master/sprites/pokemon/versions/generation-v/black-white/animated/68.gif
200_2024-07-18,2024-07-18,71,"A tentacool,

A stinging pain.",https://raw.githubusercontent.com/PokeAPI/sprites/master/sprites/pokemon/versions/generation-v/black-white/animated/72.gif
201_2024-07-19,2024-07-19,48,"The wings

Of the venomoth

Are covered with

Scales.
",https://raw.githubusercontent.com/PokeAPI/sprites/master/sprites/pokemon/versions/generation-v/black-white/animated/49.gif
202_2024-07-20,2024-07-20,116,"Seadra, a Pokemon
Swimming backwards
With its pectoral fins and tail.",https://raw.githubusercontent.com/PokeAPI/sprites/master/sprites/pokemon/versions/generation-v/black-white/animated/117.gif
203_2024-07-21,2024-07-21,128,"Magikarp, the powerful Pokemon

The waters' edge, where it swims.

Magikarp,",https://raw.githubusercontent.com/PokeAPI/sprites/master/sprites/pokemon/versions/generation-v/black-white/animated/129.gif
204_2024-07-22,2024-07-22,78,"Slowpoke,
Dip its tail
In the river.
",https://raw.githubusercontent.com/PokeAPI/sprites/master/sprites/pokemon/versions/generation-v/black-white/animated/79.gif
205_2024-07-23,2024-07-23,113,"Tangela's body is covered in

Vines that sway

When it walks.
",https://raw.githubusercontent.com/PokeAPI/sprites/master/sprites/pokemon/versions/generation-v/black-white/animated/114.gif
206_2024-07-24,2024-07-24,21,"A fearful flight,
A wingless Pokémon.

With its great strength
It has a magnificent flight.",https://raw.githubusercontent.com/PokeAPI/sprites/master/sprites/pokemon/versions/generation-v/black-white/animated/22.gif
207_2024-07-25,2024-07-25,98,"Kingler the crusher
Is a powerful Pokemon
With a pincer of 10,000 horsepower
But its size is too",https://raw.githubusercontent.com/PokeAPI/sprites/master/sprites/pokemon/versions/generation-v/black-white/animated/99.gif
208_2024-07-26,2024-07-26,58,"A beautiful arcanine

A Pokemon that runs agilely

On its wings.",https://raw.githubusercontent.com/PokeAPI/sprites/master/sprites/pokemon/versions/generation-v/black-white/animated/59.gif
209_2024-07-27,2024-07-27,39,"A wigglytuff,

Is a Pokemon.

Is in the grassland.",https://raw.githubusercontent.com/PokeAPI/sprites/master/sprites/pokemon/versions/generation-v/black-white/animated/40.gif
210_2024-07-28,2024-07-28,137,"A omanyte, once more,
Is found in the sea.

But once more,
It's gone",https://raw.githubusercontent.com/PokeAPI/sprites/master/sprites/pokemon/versions/generation-v/black-white/animated/138.gif
211_2024-07-29,2024-07-29,27,"Curls up into a spiny ball,
A Pokemon called Sandslash.
It can roll while curled up,
",https://raw.githubusercontent.com/PokeAPI/sprites/master/sprites/pokemon/versions/generation-v/black-white/animated/28.gif
212_2024-07-30,2024-07-30,137,"A omanyte, once more,
Is found in the sea.

But once more,
It's gone",https://raw.githubusercontent.com/PokeAPI/sprites/master/sprites/pokemon/versions/generation-v/black-white/animated/138.gif
213_2024-07-31,2024-07-31,63,"A boy with eyes of fire

And a body of ice

Awoke in bed
transformed into k",https://raw.githubusercontent.com/PokeAPI/sprites/master/sprites/pokemon/versions/generation-v/black-white/animated/64.gif
214_2024-08-01,2024-08-01,65,"Machop,
The muscle child.

 Machop,
Hurl the mountains.",https://raw.githubusercontent.com/PokeAPI/sprites/master/sprites/pokemon/versions/generation-v/black-white/animated/66.gif
215_2024-08-02,2024-08-02,33,"A nidoking, with its powerful tail

A crushing attack, with a twist

A moment of prey's",https://raw.githubusercontent.com/PokeAPI/sprites/master/sprites/pokemon/versions/generation-v/black-white/animated/34.gif
216_2024-08-03,2024-08-03,113,"Tangela's body is covered in

Vines that sway

When it walks.
",https://raw.githubusercontent.com/PokeAPI/sprites/master/sprites/pokemon/versions/generation-v/black-white/animated/114.gif
217_2024-08-04,2024-08-04,110,"The rhyhorn is a tough Pokemon
Who's bones are hard as nails—
With the strength to knock a sem",https://raw.githubusercontent.com/PokeAPI/sprites/master/sprites/pokemon/versions/generation-v/black-white/animated/111.gif
218_2024-08-05,2024-08-05,9,"aterpie, caterpie,
Caterpie, the caterpillar, the
Caterpie, the caterpillar,",https://raw.githubusercontent.com/PokeAPI/sprites/master/sprites/pokemon/versions/generation-v/black-white/animated/10.gif
219_2024-08-06,2024-08-06,122,"Scyther, with its wickedly sharp scythes
Scratches and tears its prey.
From a grassland",https://raw.githubusercontent.com/PokeAPI/sprites/master/sprites/pokemon/versions/generation-v/black-white/animated/123.gif
220_2024-08-07,2024-08-07,86,"A dewgong swims
It's thermal energy
Is stored in the body.
",https://raw.githubusercontent.com/PokeAPI/sprites/master/sprites/pokemon/versions/generation-v/black-white/animated/87.gif
221_2024-08-08,2024-08-08,49,"A diglett,
A single line
Its wake.",https://raw.githubusercontent.com/PokeAPI/sprites/master/sprites/pokemon/versions/generation-v/black-white/animated/50.gif
222_2024-08-09,2024-08-09,71,"A tentacool,

A stinging pain.",https://raw.githubusercontent.com/PokeAPI/sprites/master/sprites/pokemon/versions/generation-v/black-white/animated/72.gif
223_2024-08-10,2024-08-10,118,"The seaking
A horn on its head
Is sharp like a drill,
A hole of water.",https://raw.githubusercontent.com/PokeAPI/sprites/master/sprites/pokemon/versions/generation-v/black-white/animated/119.gif
224_2024-08-11,2024-08-11,38,"jigglypuff,

with its huge,

winking eyes

sings a song

that",https://raw.githubusercontent.com/PokeAPI/sprites/master/sprites/pokemon/versions/generation-v/black-white/animated/39.gif
225_2024-08-12,2024-08-12,138,"Once, in the deep,

A star

Fell.",https://raw.githubusercontent.com/PokeAPI/sprites/master/sprites/pokemon/versions/generation-v/black-white/animated/139.gif
226_2024-08-13,2024-08-13,54,"Golduck
The webbed forelegs
A calm lake
",https://raw.githubusercontent.com/PokeAPI/sprites/master/sprites/pokemon/versions/generation-v/black-white/animated/55.gif
227_2024-08-14,2024-08-14,135,"Flareon, the fire-breathing Pokemon
Is the temperature in its body
A thousand degrees, or more.",https://raw.githubusercontent.com/PokeAPI/sprites/master/sprites/pokemon/versions/generation-v/black-white/animated/136.gif
228_2024-08-15,2024-08-15,92,"At the far end of the cave,
A haunter, I believe.
I do not know why.
",https://raw.githubusercontent.com/PokeAPI/sprites/master/sprites/pokemon/versions/generation-v/black-white/animated/93.gif
229_2024-08-16,2024-08-16,47,"A sly and sneaky Pokémon,

VernoAT lives in the shadows of tall trees.

It's",https://raw.githubusercontent.com/PokeAPI/sprites/master/sprites/pokemon/versions/generation-v/black-white/animated/48.gif
230_2024-08-17,2024-08-17,21,"A fearful flight,
A wingless Pokémon.

With its great strength
It has a magnificent flight.",https://raw.githubusercontent.com/PokeAPI/sprites/master/sprites/pokemon/versions/generation-v/black-white/animated/22.gif
231_2024-08-18,2024-08-18,95,"Drowzee drowzee
Gently sleeping, gently breathing
I'm glad to be back.",https://raw.githubusercontent.com/PokeAPI/sprites/master/sprites/pokemon/versions/generation-v/black-white/animated/96.gif
232_2024-08-19,2024-08-19,26,"Deep in the arid ground,
The sandshrew's burrow.
The sandshrew comes out to play.",https://raw.githubusercontent.com/PokeAPI/sprites/master/sprites/pokemon/versions/generation-v/black-white/animated/27.gif
233_2024-08-20,2024-08-20,104,"The marowak

Is the smallest Pokemon

And also the weakest.

It is small and

",https://raw.githubusercontent.com/PokeAPI/sprites/master/sprites/pokemon/versions/generation-v/black-white/animated/105.gif
234_2024-08-21,2024-08-21,2,"A Venusaur, moving,
Seeking sunlight.
",https://raw.githubusercontent.com/PokeAPI/sprites/master/sprites/pokemon/versions/generation-v/black-white/animated/3.gif
235_2024-08-22,2024-08-22,100,"A Pokemon named Electrode,
Store electric energy,
Explodes with little provocation.",https://raw.githubusercontent.com/PokeAPI/sprites/master/sprites/pokemon/versions/generation-v/black-white/animated/101.gif
236_2024-08-23,2024-08-23,83,"In the grassland,
A bird
That makes up for its
Poor flying
With its fast foot speed.
",https://raw.githubusercontent.com/PokeAPI/sprites/master/sprites/pokemon/versions/generation-v/black-white/animated/84.gif
237_2024-08-24,2024-08-24,29,"a,
 female with horns,
 like a cat.",https://raw.githubusercontent.com/PokeAPI/sprites/master/sprites/pokemon/versions/generation-v/black-white/animated/30.gif
238_2024-08-25,2024-08-25,86,"A dewgong swims
It's thermal energy
Is stored in the body.
",https://raw.githubusercontent.com/PokeAPI/sprites/master/sprites/pokemon/versions/generation-v/black-white/animated/87.gif
239_2024-08-26,2024-08-26,56,"meape the Primeape:
Furious, tenacious:
Chases its quarry, never giving up.",https://raw.githubusercontent.com/PokeAPI/sprites/master/sprites/pokemon/versions/generation-v/black-white/animated/57.gif
240_2024-08-27,2024-08-27,49,"A diglett,
A single line
Its wake.",https://raw.githubusercontent.com/PokeAPI/sprites/master/sprites/pokemon/versions/generation-v/black-white/animated/50.gif
241_2024-08-28,2024-08-28,137,"A omanyte, once more,
Is found in the sea.

But once more,
It's gone",https://raw.githubusercontent.com/PokeAPI/sprites/master/sprites/pokemon/versions/generation-v/black-white/animated/138.gif
242_2024-08-29,2024-08-29,64,"Alakazam, a Pokemon with a 
Very smart brain!
An IQ of 5,000!",https://raw.githubusercontent.com/PokeAPI/sprites/master/sprites/pokemon/versions/generation-v/black-white/animated/65.gif
243_2024-08-30,2024-08-30,114,"Kangaskhan,
A small,
Three-year-old
Pokemon.",https://raw.githubusercontent.com/PokeAPI/sprites/master/sprites/pokemon/versions/generation-v/black-white/animated/115.gif
244_2024-08-31,2024-08-31,48,"The wings

Of the venomoth

Are covered with

Scales.
",https://raw.githubusercontent.com/PokeAPI/sprites/master/sprites/pokemon/versions/generation-v/black-white/animated/49.gif
245_2024-09-01,2024-09-01,123,"It wiggles its hips
It's hard to refuse its calls
It's a jynx",https://raw.githubusercontent.com/PokeAPI/sprites/master/sprites/pokemon/versions/generation-v/black-white/animated/124.gif
246_2024-09-02,2024-09-02,100,"A Pokemon named Electrode,
Store electric energy,
Explodes with little provocation.",https://raw.githubusercontent.com/PokeAPI/sprites/master/sprites/pokemon/versions/generation-v/black-white/animated/101.gif
247_2024-09-03,2024-09-03,82,"A tall stalk of grass
The name of this Pokemon
Is a portmanteau of the word ""farmed""",https://raw.githubusercontent.com/PokeAPI/sprites/master/sprites/pokemon/versions/generation-v/black-white/animated/83.gif
248_2024-09-04,2024-09-04,24,"pikachu,
  a Pokemon that can't be tamed,
  lives in a forest.",https://raw.githubusercontent.com/PokeAPI/sprites/master/sprites/pokemon/versions/generation-v/black-white/animated/25.gif
249_2024-09-05,2024-09-05,64,"Alakazam, a Pokemon with a 
Very smart brain!
An IQ of 5,000!",https://raw.githubusercontent.com/PokeAPI/sprites/master/sprites/pokemon/versions/generation-v/black-white/animated/65.gif
250_2024-09-06,2024-09-06,15,"gey, a common sight.
Flaps its wings to kick up
A blinding sand.",https://raw.githubusercontent.com/PokeAPI/sprites/master/sprites/pokemon/versions/generation-v/black-white/animated/16.gif
251_2024-09-07,2024-09-07,129,"GYARADOS!
Fierce and violent,
When the water turns red,
It will go out",https://raw.githubusercontent.com/PokeAPI/sprites/master/sprites/pokemon/versions/generation-v/black-white/animated/130.gif
252_2024-09-08,2024-09-08,16,"geotto, fierce and alert
Protecting their territory
From any intruders",https://raw.githubusercontent.com/PokeAPI/sprites/master/sprites/pokemon/versions/generation-v/black-white/animated/17.gif
253_2024-09-09,2024-09-09,50,"A team ofDiglett Triplets
Dugtrio - the one that's a cave
It can burrow 60",https://raw.githubusercontent.com/PokeAPI/sprites/master/sprites/pokemon/versions/generation-v/black-white/animated/51.gif
254_2024-09-10,2024-09-10,138,"Once, in the deep,

A star

Fell.",https://raw.githubusercontent.com/PokeAPI/sprites/master/sprites/pokemon/versions/generation-v/black-white/animated/139.gif
255_2024-09-11,2024-09-11,9,"aterpie, caterpie,
Caterpie, the caterpillar, the
Caterpie, the caterpillar,",https://raw.githubusercontent.com/PokeAPI/sprites/master/sprites/pokemon/versions/generation-v/black-white/animated/10.gif
256_2024-09-12,2024-09-12,38,"jigglypuff,

with its huge,

winking eyes

sings a song

that",https://raw.githubusercontent.com/PokeAPI/sprites/master/sprites/pokemon/versions/generation-v/black-white/animated/39.gif
257_2024-09-13,2024-09-13,84,"Dodrio, the three-headed Pokemon,
Is found near the grassland,
Just like the grass.",https://raw.githubusercontent.com/PokeAPI/sprites/master/sprites/pokemon/versions/generation-v/black-white/animated/85.gif
258_2024-09-14,2024-09-14,132,"A Pokemon called ""eevee""

Its genetic code is

 Irregular.",https://raw.githubusercontent.com/PokeAPI/sprites/master/sprites/pokemon/versions/generation-v/black-white/animated/133.gif
259_2024-09-15,2024-09-15,145,"A Moltres, legendary bird of fire,
Every flap of its wings creates a dazzling flare of flames.
It",https://raw.githubusercontent.com/PokeAPI/sprites/master/sprites/pokemon/versions/generation-v/black-white/animated/146.gif
260_2024-09-16,2024-09-16,134,"a jolteon,

a storm,

a lightning bolt.",https://raw.githubusercontent.com/PokeAPI/sprites/master/sprites/pokemon/versions/generation-v/black-white/animated/135.gif
261_2024-09-17,2024-09-17,39,"A wigglytuff,

Is a Pokemon.

Is in the grassland.",https://raw.githubusercontent.com/PokeAPI/sprites/master/sprites/pokemon/versions/generation-v/black-white/animated/40.gif
262_2024-09-18,2024-09-18,83,"In the grassland,
A bird
That makes up for its
Poor flying
With its fast foot speed.
",https://raw.githubusercontent.com/PokeAPI/sprites/master/sprites/pokemon/versions/generation-v/black-white/animated/84.gif
263_2024-09-19,2024-09-19,126,"A Pokemon called Pinsir
If it cannot crush the foe
It will spin and toss the opponent.",https://raw.githubusercontent.com/PokeAPI/sprites/master/sprites/pokemon/versions/generation-v/black-white/animated/127.gif
264_2024-09-20,2024-09-20,128,"Magikarp, the powerful Pokemon

The waters' edge, where it swims.

Magikarp,",https://raw.githubusercontent.com/PokeAPI/sprites/master/sprites/pokemon/versions/generation-v/black-white/animated/129.gif
265_2024-09-21,2024-09-21,118,"The seaking
A horn on its head
Is sharp like a drill,
A hole of water.",https://raw.githubusercontent.com/PokeAPI/sprites/master/sprites/pokemon/versions/generation-v/black-white/animated/119.gif
266_2024-09-22,2024-09-22,36,"A vulpix,
A vulpix,
A vulpix, a Pokemon",https://raw.githubusercontent.com/PokeAPI/sprites/master/sprites/pokemon/versions/generation-v/black-white/animated/37.gif
267_2024-09-23,2024-09-23,36,"A vulpix,
A vulpix,
A vulpix, a Pokemon",https://raw.githubusercontent.com/PokeAPI/sprites/master/sprites/pokemon/versions/generation-v/black-white/animated/37.gif
268_2024-09-24,2024-09-24,93,"A gengar, a cave,

A night of a full moon.",https://raw.githubusercontent.com/PokeAPI/sprites/master/sprites/pokemon/versions/generation-v/black-white/animated/94.gif
269_2024-09-25,2024-09-25,81,"In the rough-terrain,
The Pokemon Magneton
Is formed by several magnethites,
 linked together.",https://raw.githubusercontent.com/PokeAPI/sprites/master/sprites/pokemon/versions/generation-v/black-white/animated/82.gif
270_2024-09-26,2024-09-26,149,"A Pokemon with a frown,
A face not to be fathom,
A creature of maniac.
",https://raw.githubusercontent.com/PokeAPI/sprites/master/sprites/pokemon/versions/generation-v/black-white/animated/150.gif
271_2024-09-27,2024-09-27,8,"A BLASTOISE,
A shelled,
A water-jet-wielding,
BATTLE",https://raw.githubusercontent.com/PokeAPI/sprites/master/sprites/pokemon/versions/generation-v/black-white/animated/9.gif
272_2024-09-28,2024-09-28,85,"The seel's horn is hard,

It is used to bash through

The thick icebergs.",https://raw.githubusercontent.com/PokeAPI/sprites/master/sprites/pokemon/versions/generation-v/black-white/animated/86.gif
273_2024-09-29,2024-09-29,81,"In the rough-terrain,
The Pokemon Magneton
Is formed by several magnethites,
 linked together.",https://raw.githubusercontent.com/PokeAPI/sprites/master/sprites/pokemon/versions/generation-v/black-white/animated/82.gif
274_2024-09-30,2024-09-30,93,"A gengar, a cave,

A night of a full moon.",https://raw.githubusercontent.com/PokeAPI/sprites/master/sprites/pokemon/versions/generation-v/black-white/animated/94.gif
275_2024-10-01,2024-10-01,2,"A Venusaur, moving,
Seeking sunlight.
",https://raw.githubusercontent.com/PokeAPI/sprites/master/sprites/pokemon/versions/generation-v/black-white/animated/3.gif
276_2024-10-02,2024-10-02,93,"A gengar, a cave,

A night of a full moon.",https://raw.githubusercontent.com/PokeAPI/sprites/master/sprites/pokemon/versions/generation-v/black-white/animated/94.gif
277_2024-10-03,2024-10-03,2,"A Venusaur, moving,
Seeking sunlight.
",https://raw.githubusercontent.com/PokeAPI/sprites/master/sprites/pokemon/versions/generation-v/black-white/animated/3.gif
278_2024-10-04,2024-10-04,74,"Be careful walking on the mountain
 trail, be wary of GRAveler.
",https://raw.githubusercontent.com/PokeAPI/sprites/master/sprites/pokemon/versions/generation-v/black-white/animated/75.gif
279_2024-10-05,2024-10-05,14,"The swarming, stings
Is like a storm.
A storm in the forest.
",https://raw.githubusercontent.com/PokeAPI/sprites/master/sprites/pokemon/versions/generation-v/black-white/animated/15.gif
280_2024-10-06,2024-10-06,136,"A porygon skulks

In the city, between
The buildings.",https://raw.githubusercontent.com/PokeAPI/sprites/master/sprites/pokemon/versions/generation-v/black-white/animated/137.gif
281_2024-10-07,2024-10-07,7,"Wartortle, with its long neck,
Stalks its prey in the pond.
It moves its ears",https://raw.githubusercontent.com/PokeAPI/sprites/master/sprites/pokemon/versions/generation-v/black-white/animated/8.gif
282_2024-10-08,2024-10-08,136,"A porygon skulks

In the city, between
The buildings.",https://raw.githubusercontent.com/PokeAPI/sprites/master/sprites/pokemon/versions/generation-v/black-white/animated/137.gif
283_2024-10-09,2024-10-09,141,"A Pokemon,
Aerodactyl,
Flies high,
Wings outstretched.",https://raw.githubusercontent.com/PokeAPI/sprites/master/sprites/pokemon/versions/generation-v/black-white/animated/142.gif
284_2024-10-10,2024-10-10,58,"A beautiful arcanine

A Pokemon that runs agilely

On its wings.",https://raw.githubusercontent.com/PokeAPI/sprites/master/sprites/pokemon/versions/generation-v/black-white/animated/59.gif
285_2024-10-11,2024-10-11,11,"A butterfree flits past,

Flowing with speed to

Release its toxic

Dust.",https://raw.githubusercontent.com/PokeAPI/sprites/master/sprites/pokemon/versions/generation-v/black-white/animated/12.gif
286_2024-10-12,2024-10-12,99,"In the power plant's cage,
The Pokémon Voltorb
Zapped many people.",https://raw.githubusercontent.com/PokeAPI/sprites/master/sprites/pokemon/versions/generation-v/black-white/animated/100.gif
287_2024-10-13,2024-10-13,75,"A Pokemon named Golem.

A mountain's body,

Hard as a rock.",https://raw.githubusercontent.com/PokeAPI/sprites/master/sprites/pokemon/versions/generation-v/black-white/animated/76.gif
288_2024-10-14,2024-10-14,67,"Machamp's
Fists are like
A hurricane.
",https://raw.githubusercontent.com/PokeAPI/sprites/master/sprites/pokemon/versions/generation-v/black-white/animated/68.gif
289_2024-10-15,2024-10-15,14,"The swarming, stings
Is like a storm.
A storm in the forest.
",https://raw.githubusercontent.com/PokeAPI/sprites/master/sprites/pokemon/versions/generation-v/black-white/animated/15.gif
290_2024-10-16,2024-10-16,35,"The moment I sense you,

I run and hide,

A timid fairy.
",https://raw.githubusercontent.com/PokeAPI/sprites/master/sprites/pokemon/versions/generation-v/black-white/animated/36.gif
291_2024-10-17,2024-10-17,136,"A porygon skulks

In the city, between
The buildings.",https://raw.githubusercontent.com/PokeAPI/sprites/master/sprites/pokemon/versions/generation-v/black-white/animated/137.gif
292_2024-10-18,2024-10-18,11,"A butterfree flits past,

Flowing with speed to

Release its toxic

Dust.",https://raw.githubusercontent.com/PokeAPI/sprites/master/sprites/pokemon/versions/generation-v/black-white/animated/12.gif
293_2024-10-19,2024-10-19,115,"A fish, so small
It's a Pokemon

It's a sea horse, the small fish",https://raw.githubusercontent.com/PokeAPI/sprites/master/sprites/pokemon/versions/generation-v/black-white/animated/116.gif
294_2024-10-20,2024-10-20,67,"Machamp's
Fists are like
A hurricane.
",https://raw.githubusercontent.com/PokeAPI/sprites/master/sprites/pokemon/versions/generation-v/black-white/animated/68.gif
295_2024-10-21,2024-10-21,45,"A Pokemon named Paras,
A Parasite that 
Fucks up trees.",https://raw.githubusercontent.com/PokeAPI/sprites/master/sprites/pokemon/versions/generation-v/black-white/animated/46.gif
296_2024-10-22,2024-10-22,0,"A strange seed
Is planted on its back.
 Bulbasaur.
",https://raw.githubusercontent.com/PokeAPI/sprites/master/sprites/pokemon/versions/generation-v/black-white/animated/1.gif
297_2024-10-23,2024-10-23,35,"The moment I sense you,

I run and hide,

A timid fairy.
",https://raw.githubusercontent.com/PokeAPI/sprites/master/sprites/pokemon/versions/generation-v/black-white/animated/36.gif
298_2024-10-24,2024-10-24,103,"Cubone is a Pokemon that
Will always wear his helmet.
That way no one can see his face.",https://raw.githubusercontent.com/PokeAPI/sprites/master/sprites/pokemon/versions/generation-v/black-white/animated/104.gif
299_2024-10-25,2024-10-25,81,"In the rough-terrain,
The Pokemon Magneton
Is formed by several magnethites,
 linked together.",https://raw.githubusercontent.com/PokeAPI/sprites/master/sprites/pokemon/versions/generation-v/black-white/animated/82.gif
300_2024-10-26,2024-10-26,18,"A rattata in the grass
The sharp fangs are long
And sharp as a pin
It gnaws and gn",https://raw.githubusercontent.com/PokeAPI/sprites/master/sprites/pokemon/versions/generation-v/black-white/animated/19.gif
301_2024-10-27,2024-10-27,14,"The swarming, stings
Is like a storm.
A storm in the forest.
",https://raw.githubusercontent.com/PokeAPI/sprites/master/sprites/pokemon/versions/generation-v/black-white/animated/15.gif
302_2024-10-28,2024-10-28,92,"At the far end of the cave,
A haunter, I believe.
I do not know why.
",https://raw.githubusercontent.com/PokeAPI/sprites/master/sprites/pokemon/versions/generation-v/black-white/animated/93.gif
303_2024-10-29,2024-10-29,2,"A Venusaur, moving,
Seeking sunlight.
",https://raw.githubusercontent.com/PokeAPI/sprites/master/sprites/pokemon/versions/generation-v/black-white/animated/3.gif
304_2024-10-30,2024-10-30,98,"Kingler the crusher
Is a powerful Pokemon
With a pincer of 10,000 horsepower
But its size is too",https://raw.githubusercontent.com/PokeAPI/sprites/master/sprites/pokemon/versions/generation-v/black-white/animated/99.gif
305_2024-10-31,2024-10-31,127,"A taurors charges
Whipping its body
In a grassland.",https://raw.githubusercontent.com/PokeAPI/sprites/master/sprites/pokemon/versions/generation-v/black-white/animated/128.gif
306_2024-11-01,2024-11-01,4,"A charmeleon swims in the
 mountain air,
 its tail
 aflame.",https://raw.githubusercontent.com/PokeAPI/sprites/master/sprites/pokemon/versions/generation-v/black-white/animated/5.gif
307_2024-11-02,2024-11-02,4,"A charmeleon swims in the
 mountain air,
 its tail
 aflame.",https://raw.githubusercontent.com/PokeAPI/sprites/master/sprites/pokemon/versions/generation-v/black-white/animated/5.gif
308_2024-11-03,2024-11-03,39,"A wigglytuff,

Is a Pokemon.

Is in the grassland.",https://raw.githubusercontent.com/PokeAPI/sprites/master/sprites/pokemon/versions/generation-v/black-white/animated/40.gif
309_2024-11-04,2024-11-04,19,"Raticate swims in the grass,
Its feet can take it anywhere.
The river is not a barrier.",https://raw.githubusercontent.com/PokeAPI/sprites/master/sprites/pokemon/versions/generation-v/black-white/animated/20.gif
310_2024-11-05,2024-11-05,141,"A Pokemon,
Aerodactyl,
Flies high,
Wings outstretched.",https://raw.githubusercontent.com/PokeAPI/sprites/master/sprites/pokemon/versions/generation-v/black-white/animated/142.gif
311_2024-11-06,2024-11-06,6,"A Pokémon with a shell as hard

As a child, it swells

And hardens; the shell
",https://raw.githubusercontent.com/PokeAPI/sprites/master/sprites/pokemon/versions/generation-v/black-white/animated/7.gif
312_2024-11-07,2024-11-07,119,"Staryu,
A starry sea.

Staryu,
A star that shines.",https://raw.githubusercontent.com/PokeAPI/sprites/master/sprites/pokemon/versions/generation-v/black-white/animated/120.gif
313_2024-11-08,2024-11-08,105,"A Pokemon's name
Is ""hitmonlee""
A Pokemon that is
From urban areas.",https://raw.githubusercontent.com/PokeAPI/sprites/master/sprites/pokemon/versions/generation-v/black-white/animated/106.gif
314_2024-11-09,2024-11-09,107,"Lickitung, the tongue-twister Pokémon
Is a creature of the grassland,
A chameleon-like",https://raw.githubusercontent.com/PokeAPI/sprites/master/sprites/pokemon/versions/generation-v/black-white/animated/108.gif
315_2024-11-10,2024-11-10,127,"A taurors charges
Whipping its body
In a grassland.",https://raw.githubusercontent.com/PokeAPI/sprites/master/sprites/pokemon/versions/generation-v/black-white/animated/128.gif
316_2024-11-11,2024-11-11,144,"A ZAPDOS so rare
And so swift
It makes a crackling and snapping sound.",https://raw.githubusercontent.com/PokeAPI/sprites/master/sprites/pokemon/versions/generation-v/black-white/animated/145.gif
317_2024-11-12,2024-11-12,88,"A muk, muk, muk
Thickly covered in a vile
Sludge.
",https://raw.githubusercontent.com/PokeAPI/sprites/master/sprites/pokemon/versions/generation-v/black-white/animated/89.gif
318_2024-11-13,2024-11-13,12,"It ate a lot of leaves,

The weedle.
",https://raw.githubusercontent.com/PokeAPI/sprites/master/sprites/pokemon/versions/generation-v/black-white/animated/13.gif
319_2024-11-14,2024-11-14,99,"In the power plant's cage,
The Pokémon Voltorb
Zapped many people.",https://raw.githubusercontent.com/PokeAPI/sprites/master/sprites/pokemon/versions/generation-v/black-white/animated/100.gif
320_2024-11-15,2024-11-15,106,"A quick, fast Pokemon,

A lightning-fast punch,

A flash of light.",https://raw.githubusercontent.com/PokeAPI/sprites/master/sprites/pokemon/versions/generation-v/black-white/animated/107.gif
321_2024-11-16,2024-11-16,82,"A tall stalk of grass
The name of this Pokemon
Is a portmanteau of the word ""farmed""",https://raw.githubusercontent.com/PokeAPI/sprites/master/sprites/pokemon/versions/generation-v/black-white/animated/83.gif
322_2024-11-17,2024-11-17,121,"A double-lipped Mr. Mime

Stretching out its hands.
",https://raw.githubusercontent.com/PokeAPI/sprites/master/sprites/pokemon/versions/generation-v/black-white/animated/122.gif
323_2024-11-18,2024-11-18,116,"Seadra, a Pokemon
Swimming backwards
With its pectoral fins and tail.",https://raw.githubusercontent.com/PokeAPI/sprites/master/sprites/pokemon/versions/generation-v/black-white/animated/117.gif
324_2024-11-19,2024-11-19,34,"Clefairy, a magical Pokemon
A cute one too, a rare sight
With its admirers.",https://raw.githubusercontent.com/PokeAPI/sprites/master/sprites/pokemon/versions/generation-v/black-white/animated/35.gif
325_2024-11-20,2024-11-20,103,"Cubone is a Pokemon that
Will always wear his helmet.
That way no one can see his face.",https://raw.githubusercontent.com/PokeAPI/sprites/master/sprites/pokemon/versions/generation-v/black-white/animated/104.gif
326_2024-11-21,2024-11-21,124,"Electabuzz,
A black electric
A power plant.",https://raw.githubusercontent.com/PokeAPI/sprites/master/sprites/pokemon/versions/generation-v/black-white/animated/125.gif
327_2024-11-22,2024-11-22,54,"Golduck
The webbed forelegs
A calm lake
",https://raw.githubusercontent.com/PokeAPI/sprites/master/sprites/pokemon/versions/generation-v/black-white/animated/55.gif
328_2024-11-23,2024-11-23,60,"poliwhirl,

with the sleek

body

of

a

snake

",https://raw.githubusercontent.com/PokeAPI/sprites/master/sprites/pokemon/versions/generation-v/black-white/animated/61.gif
329_2024-11-24,2024-11-24,118,"The seaking
A horn on its head
Is sharp like a drill,
A hole of water.",https://raw.githubusercontent.com/PokeAPI/sprites/master/sprites/pokemon/versions/generation-v/black-white/animated/119.gif
330_2024-11-25,2024-11-25,110,"The rhyhorn is a tough Pokemon
Who's bones are hard as nails—
With the strength to knock a sem",https://raw.githubusercontent.com/PokeAPI/sprites/master/sprites/pokemon/versions/generation-v/black-white/animated/111.gif
331_2024-11-26,2024-11-26,48,"The wings

Of the venomoth

Are covered with

Scales.
",https://raw.githubusercontent.com/PokeAPI/sprites/master/sprites/pokemon/versions/generation-v/black-white/animated/49.gif
332_2024-11-27,2024-11-27,140,"Kabutops swims,
In the deep, deep sea,
Catching prey
With its scythe-like",https://raw.githubusercontent.com/PokeAPI/sprites/master/sprites/pokemon/versions/generation-v/black-white/animated/141.gif
333_2024-11-28,2024-11-28,122,"Scyther, with its wickedly sharp scythes
Scratches and tears its prey.
From a grassland",https://raw.githubusercontent.com/PokeAPI/sprites/master/sprites/pokemon/versions/generation-v/black-white/animated/123.gif
334_2024-11-29,2024-11-29,68,"A Bellsprout,
Gripping insects
And swallowing them.
",https://raw.githubusercontent.com/PokeAPI/sprites/master/sprites/pokemon/versions/generation-v/black-white/animated/69.gif
335_2024-11-30,2024-11-30,72,"A tentacruel's body
Is a series of tentacles.
It can be found
In the sea.",https://raw.githubusercontent.com/PokeAPI/sprites/master/sprites/pokemon/versions/generation-v/black-white/animated/73.gif
336_2024-12-01,2024-12-01,131,"Ditto

A ditto, in the city
A ditto, in its den",https://raw.githubusercontent.com/PokeAPI/sprites/master/sprites/pokemon/versions/generation-v/black-white/animated/132.gif
337_2024-12-02,2024-12-02,68,"A Bellsprout,
Gripping insects
And swallowing them.
",https://raw.githubusercontent.com/PokeAPI/sprites/master/sprites/pokemon/versions/generation-v/black-white/animated/69.gif
338_2024-12-03,2024-12-03,104,"The marowak

Is the smallest Pokemon

And also the weakest.

It is small and

",https://raw.githubusercontent.com/PokeAPI/sprites/master/sprites/pokemon/versions/generation-v/black-white/animated/105.gif
339_2024-12-04,2024-12-04,113,"Tangela's body is covered in

Vines that sway

When it walks.
",https://raw.githubusercontent.com/PokeAPI/sprites/master/sprites/pokemon/versions/generation-v/black-white/animated/114.gif
340_2024-12-05,2024-12-05,108,"Koffing, a Pokemon of toxic gas

The sound of koffing,

Koffing,
",https://raw.githubusercontent.com/PokeAPI/sprites/master/sprites/pokemon/versions/generation-v/black-white/animated/109.gif
341_2024-12-06,2024-12-06,88,"A muk, muk, muk
Thickly covered in a vile
Sludge.
",https://raw.githubusercontent.com/PokeAPI/sprites/master/sprites/pokemon/versions/generation-v/black-white/animated/89.gif
342_2024-12-07,2024-12-07,79,"A slowbro, with a shell that clings
To the slowpoke’s tail,
 feeds on its leftovers",https://raw.githubusercontent.com/PokeAPI/sprites/master/sprites/pokemon/versions/generation-v/black-white/animated/80.gif
343_2024-12-08,2024-12-08,75,"A Pokemon named Golem.

A mountain's body,

Hard as a rock.",https://raw.githubusercontent.com/PokeAPI/sprites/master/sprites/pokemon/versions/generation-v/black-white/animated/76.gif
344_2024-12-09,2024-12-09,142,"Snorlax

Is a very lazy Pokemon

Who just eats and sleeps,

As its bulk grows",https://raw.githubusercontent.com/PokeAPI/sprites/master/sprites/pokemon/versions/generation-v/black-white/animated/143.gif
345_2024-12-10,2024-12-10,17,"A Pidgeot hunt,
Gleaming with speed.
A magikarp nearby.",https://raw.githubusercontent.com/PokeAPI/sprites/master/sprites/pokemon/versions/generation-v/black-white/animated/18.gif
346_2024-12-11,2024-12-11,33,"A nidoking, with its powerful tail

A crushing attack, with a twist

A moment of prey's",https://raw.githubusercontent.com/PokeAPI/sprites/master/sprites/pokemon/versions/generation-v/black-white/animated/34.gif
347_2024-12-12,2024-12-12,145,"A Moltres, legendary bird of fire,
Every flap of its wings creates a dazzling flare of flames.
It",https://raw.githubusercontent.com/PokeAPI/sprites/master/sprites/pokemon/versions/generation-v/black-white/animated/146.gif
348_2024-12-13,2024-12-13,18,"A rattata in the grass
The sharp fangs are long
And sharp as a pin
It gnaws and gn",https://raw.githubusercontent.com/PokeAPI/sprites/master/sprites/pokemon/versions/generation-v/black-white/animated/19.gif
349_2024-12-14,2024-12-14,138,"Once, in the deep,

A star

Fell.",https://raw.githubusercontent.com/PokeAPI/sprites/master/sprites/pokemon/versions/generation-v/black-white/animated/139.gif
350_2024-12-15,2024-12-15,101,"The Pokemon exeggcute
Is often mistaken for
An egg.
It is a small, round
 Pokemon.",https://raw.githubusercontent.com/PokeAPI/sprites/master/sprites/pokemon/versions/generation-v/black-white/animated/102.gif
351_2024-12-16,2024-12-16,89,"A Shellder, 
A hard shell,
Is vulnerable when open.",https://raw.githubusercontent.com/PokeAPI/sprites/master/sprites/pokemon/versions/generation-v/black-white/animated/90.gif
352_2024-12-17,2024-12-17,142,"Snorlax

Is a very lazy Pokemon

Who just eats and sleeps,

As its bulk grows",https://raw.githubusercontent.com/PokeAPI/sprites/master/sprites/pokemon/versions/generation-v/black-white/animated/143.gif
353_2024-12-18,2024-12-18,129,"GYARADOS!
Fierce and violent,
When the water turns red,
It will go out",https://raw.githubusercontent.com/PokeAPI/sprites/master/sprites/pokemon/versions/generation-v/black-white/animated/130.gif
354_2024-12-19,2024-12-19,81,"In the rough-terrain,
The Pokemon Magneton
Is formed by several magnethites,
 linked together.",https://raw.githubusercontent.com/PokeAPI/sprites/master/sprites/pokemon/versions/generation-v/black-white/animated/82.gif
355_2024-12-20,2024-12-20,65,"Machop,
The muscle child.

 Machop,
Hurl the mountains.",https://raw.githubusercontent.com/PokeAPI/sprites/master/sprites/pokemon/versions/generation-v/black-white/animated/66.gif
356_2024-12-21,2024-12-21,9,"aterpie, caterpie,
Caterpie, the caterpillar, the
Caterpie, the caterpillar,",https://raw.githubusercontent.com/PokeAPI/sprites/master/sprites/pokemon/versions/generation-v/black-white/animated/10.gif
357_2024-12-22,2024-12-22,3,"A Charmander, too hot to hold,
Goes up to the mountain.
",https://raw.githubusercontent.com/PokeAPI/sprites/master/sprites/pokemon/versions/generation-v/black-white/animated/4.gif
358_2024-12-23,2024-12-23,63,"A boy with eyes of fire

And a body of ice

Awoke in bed
transformed into k",https://raw.githubusercontent.com/PokeAPI/sprites/master/sprites/pokemon/versions/generation-v/black-white/animated/64.gif
359_2024-12-24,2024-12-24,28,"A nidoran-f sits
In the grassland.
The horns are small.
",https://raw.githubusercontent.com/PokeAPI/sprites/master/sprites/pokemon/versions/generation-v/black-white/animated/29.gif
360_2024-12-25,2024-12-25,125,"A magmar, hiding in the flames,
A flame that burns with orange glow.
",https://raw.githubusercontent.com/PokeAPI/sprites/master/sprites/pokemon/versions/generation-v/black-white/animated/126.gif
361_2024-12-26,2024-12-26,80,"Magnemite: a Pokemon of power
Grounded by antigravity
Thundered away!",https://raw.githubusercontent.com/PokeAPI/sprites/master/sprites/pokemon/versions/generation-v/black-white/animated/81.gif
362_2024-12-27,2024-12-27,47,"A sly and sneaky Pokémon,

VernoAT lives in the shadows of tall trees.

It's",https://raw.githubusercontent.com/PokeAPI/sprites/master/sprites/pokemon/versions/generation-v/black-white/animated/48.gif
363_2024-12-28,2024-12-28,111,"Rhydon,

With scales

Of lava

",https://raw.githubusercontent.com/PokeAPI/sprites/master/sprites/pokemon/versions/generation-v/black-white/animated/112.gif
364_2024-12-29,2024-12-29,148,"Dragonite, the most powerful Pokémon
A rare sight to see
A very few people can see it
",https://raw.githubusercontent.com/PokeAPI/sprites/master/sprites/pokemon/versions/generation-v/black-white/animated/149.gif
365_2024-12-30,2024-12-30,59,"poliwag

A poliwag with

Newly grown legs

Swims in the water's edge",https://raw.githubusercontent.com/PokeAPI/sprites/master/sprites/pokemon/versions/generation-v/black-white/animated/60.gif